Sequence Name,Classification,LCRs Sub-Sequence
protein49,"['Hydro-Hydro', 'AL']",hmtpemfrtplheialsikllrlggigqflakaiepppldavieaehtlreldaldandeltplgrilaklpieprfgkmmi
protein4,"['Unique-Polar', 'GN']",kqntgskksnknksgknqfnrggghrgrggfnmrggnfrggapgnrggynrrgnmpqrggggggsggigypyprapvfpgrgsysnrgnynrggmpnrgnynqnfrgrgnnrgyknqsqgynqwqqgqfwgqkpwsq
protein31,"['Unique-Polar', 'GN']",nsnrqlersgrfggnpggfgnqggfgnsrgggaglgnnqgsnmgggmnfgafsinpammaaaqaalqsswgmmgmlasqqnqsgpsgnnqnqgnmqrepnqafgsgnnsysgsnsgaaigwgsasnagsgsgfnggfgss
protein1,"['Cation-Pi', 'GY']",gsqrgrgggsgnfmgrggnfgggggnfgrggnfggrggyggggggsrgsygggdggyngfggdggnygggpgyssrggyggggpgygnqgggygggggydgyneggnfgggnyggggnyndfgnysgqqqsnygpmkggsfggrssgspygggygsgggsggyg
protein14,"['Cation-Pi', 'GY']",qyqqqqqwgsrggfagrargrgggpsqnwnqgysnywnqgygnygynsqgyggyggydytgynnyygygdysnqqsgygkvsrrgghqnsy
protein18,"['Unique-Polar', 'PQ']",hpptlplqqhqhqpqppqyapapqqlqqppqqrylqhhhfhq
protein3,"['Charge-Unique', 'EG']",MSSSPVNVkklkvselkeelkkrrlsdkglkaelmerlqaalddeeaggrpamepgngsldlggdsagrsgagleqeaaaggdeeeeeeeeeeegisaldgdqmelgeengaagaadsgpmeeeeaasedengddqgfqegedelgdeeegagdenghgeqqpqppatqqqqpqqqrgaakeaagkssgptslfavtvappgarqgqqqaggkkkaeggggggrpgapaagdgkteqkggdkkrgvkrpredhgrg
protein59,"['Charge-Unique', 'EG']",eyeysqrwksldemekqqreqveknmkdakdklesemedayhehqanllrqdlmrrqeelrrmeelhnqemqkrkemqlrqeeerrrreeemmirqremeeqmrrqreesysrmgymdprerdmrmggggamnmgdpygsggqkfpplgggggigyeanpgvppatmsgsmmgsdmrterfgqggagpvggqgprgmgpgtpagygrgreeyegp
protein100,"['Charge-Unique', 'EG']",MpghlqegfgcvvtnrfdqlfddesdpfevlkaaenkkkeaggggvggpgaksaaqaaaqtnsnaagkqlrkesqkdrknplppsvgvvdkkeetqppvalkkegirrvgrrpdqqlqgegkiidrrperrpprerrfekpleekgeggefsvdrpiidrpirgrgglgrgrggrgrgmgrgdgfdsrgkrefdrhsgsdrssfshysglkhedkrggsgshnwgtvkdeltespkYIQKQISYNYSDLDQSNVteetpegeehhpvadtenkeneveevkeegpkemtldewkaiqnkdrakvefnirkpnegadgqwkkGFVLHKSKSEEAHAEDSVMDHHFRKPANDITSQLEINFGDLgrpgrggrggrggrgrggrpnrg
protein117,"['Charge-Unique', 'EG']",MaaaaaaaaaagaaggrgsgpgrrrhlvpgaggeagegapggagdygngleseelepeelllepepepepeeepprprappgapgpgpgsgapgsqeeeeepglvegdpgdgaiedpeleaikarvremeeeaeklkelqnevekqmnmspppgnagpvimsieekmeadarsiYVGNVDYGATAEELEAHFHGCGSVNRVTILCDKFSGHPKGFAYIEFSDKESVRTSLALDESLFRGRQIKVIPKrtnrpgisttdrgfpraryrarttnynssrsrfysgfnsrprgrvyrgraratswyspy
protein121,"['Charge-Unique', 'EG']",maagveaaaevaateikmeeesgapgvpsgngapgpkgegerpaqnekrkeknikrggnrfepyanptkryrafITNIPFDVKWQSLKDLVKEKVGEVTYVELLMDAEGKSRGCAVVEFKMEESMKKAAEVLNKHSLSGRPLKVKEDPDGEHARRAMQKVMAttggmgmgpggpgmitippsilnnpnipneii
protein57,"['Charge-Unique', 'EP']",qdsdeeeeehpsktstkklktaplppasqttplqmalngkpapppqsqspeveqlgrvveldsdmvditqepvldtmleesmpedqepvsast
protein95,"['Charge-Unique', 'EP']",sepeldeesedeveeeqeerqpspepvqenansgyyeahpvtngieepleesshepepepesetkteelkpqveeknleeleeksttpppaepvslpqeppkafswasvtsknlppsgtvsssgipphvkapvsqprveakpevqsqpprvreqrprerpgfpprgprpgRGDMEQNDSDNRRIIRYPDSHQLFVGNLPHDIDENELKEFFMSFGNVVELRINTKGVGGKLPNFGFVVFDdsepvqriliakpimfrgevrlnveekktraareretrgggddrrdirrndrgpggprgivgggmmrdrdgrgppprggmaqklgsgrgtgqmegrftgqrr
protein103,"['Charge-Unique', 'EP']",epqeeseeeveepeerqqtpevvpddsgtfydqavvsndmeehleepvaepepdpepepeqepvseiqeekpepvleetapedaqkssspapadiaqtvqeDLRTFSWASVTSKNLppsgavpvtgipphvvkvpasqprpeskpesqippqrpqrdqrvreqrinippqrgprpireageqgdieprrmvrhpdshqLFIGNLPHEVDKSELKDFFQSYGNVVELRINSGGKLPNFGFVVFDDSEPVQKVLSNRPIMfrgevrlnveekktraaregdrrdnrlrgpggprgglgggmrgpprggmvqkpgfgvgrglaprq
protein122,"['Unique-Hydro', 'GM']",glggigmglgpggqpidanhlnkgigmgnigpagmgmegigfginkmggmegpfgggmenmgrfgsgmnmgrineilsnalkrgeiiakqgggggggsvpgiermgpgidrlggagmermgaglghgmdrvgseiermglvmdrmgsvermgsgiermgplgldhmassiermgqtmerigsgvermgagmgfglermaapidrvgqtiermgsgvermgpaiermglsmermvpagmgaglermgpvmdrmatglermgannlermglermganslermglermganslermgpamgpalgagiermglamgggggasfdraiemergnfggsfagsfggagghapgvarKACQIFVRNLPFDFTWKMLKDKFNECGHVLYADIKMENGKSKGCGVVKFESPEVAERACRMMNGMKLSGREIDVRIDRNA
protein32,"['Cation-Pi', 'ER']",Msgrskresrgstrgkresesrgssgrvkrerdrerepeaassrgspvrvkrefepasareapasvvpfvrvkrerevdedseperevrakngrvdsedrrsr
protein36,"['Cation-Pi', 'ER']",emekqqqdqvdrnikeareklememeaarhehqvmlmrqdlmrrqeelrrmeelhnqevqkrkqlelrqeeerrrreeemrrqqeemmrrqqegfkgtfpdareqeirmgqmamggamginnrgamppapvpagtpappgpatmmpdgtlgltpptterfgqaatmegigaiggtppafnraapgaefapnkrrr
protein75,"['Cation-Pi', 'ER']",MGKKQNRKTGNSKTQSASPPPKERSSSPATEQSWMENDfdelreegfrrsnyselrediqtkgkevenfeknleecitritntekclkelmelktkarelreecrslrsrcdqleervsamedemnemkregkfrekrikrneqslqe
protein118,"['Cation-Pi', 'ER']",sgadlteicqracklairesieseirrererqtnpsameveeddpvpeirrdhfeeamrfarrsvsdndirkYEMfaqtlqqsrgfgsfrfpsgnqggagpsqgsgggtggs
protein6,"['Unique-Polar', 'PS']",savqrqgsgrespslasregkyiplpqrvregprggvrcsssrggrpglsslpprgphhldnsspgpgsearginggpsrmspkaqrplrgaktlsspsnrpsgetsvppppavgrmypprspksaapapisascpeppigsavptssasipvtssvsdpgvgsispaspkislaptdvkelstkepgrtlepqelariagkvpglqneqkrfqleelrkfgaqfklqpssspensldpfpprilkeepkgkekevdglltsepmgspvssktesvsdkedkpplapsggtegpeqppppcpsqtgsppvglikgedkdegpvaeqvkkstlnpnakefnptkpllsvnkststptspgprthstpsipvltagqsglyspqyisyipqihmgpavqapqmypypvsnsvpgqqgkyrgakgslppqrsdqhqpasappmmqaaaaagpplvaatpyssyipynpqqfpgqpammqpmahypsqpvfapmlqsnprmltsgshpqaivssstpqypsaeqptpqalyatvhqsyphhatqlhahqpqpattptgsqpqsqhaapspvqhqagqaphlgsgqpqqnlyhpgaltgtppslppgpsaqspqssfpqpaavyaihhqqlphgftnmahvtqahvqtgitaappphpgaphppqvmllhppqshggppqgavpqsgvpalsastpspypyighpqgeqpgqapgfpgg
protein11,"['Unique-Polar', 'PS']",MDLTAIYEsllslspdvpvpsdhggtesspgwgssgpwslspsdsspsgvtsrlpgrstslvegrscgwvppppgfaplaprlgpelspsptsptatsttpsrYKTELCRTFSESGRCRYGAKCQFAHGLGELRQANRHPKYKTELCHKFYLQGRCPYGSRCHFIHNpsedlaapghppvlrqsisfsglpsgrrtsppppglagpslssssfspsssppppgdlplspsafsaapgtplarrdptpvccpscrratpisvwgplgglvrtpsvqslgsdpdeyassgsslggsdspvfeagvfappqpvaaprrlpi
protein19,"['Unique-Polar', 'PS']",pilsklsqeinkneerrsiftrkpqvprfpeetesheednggwssfeeddyespnddqdgeddgdyespneeeeapveddadyepppsndeealqnsilpakpfpnsnsmyidrppsgktpqqppvppqrpmaalppppagrnhsplpppqtnheepsrsrnhktaklpapsidrstkppldrslapfdrepftlgkkppfsdkpsipagrslgehlpkiqkpplpptterherssplpgkkppvpkhgwgpdrrendeddvhqrplpqpallpmssntfpsrstkpspmnplpsshmpgafsesnssfpqsaslppyfsqgpsnrppiraegrnfplplpnkprppspaeeenslneewyvsyitrpeaeaalrkin
protein21,"['Unique-Polar', 'PS']",rrvfatkmakihlqqqqqqllqeetlprgsrgpvngggrlgpqarwevvgskltvdgaakpplaastgapgavttlaagqppyppqeqrsrpYLHGTRHGSQDCGSRESLATSEMSAFHQPGPCEDPSCLTHGDYYdnlslaspkwgdkpgvspsiglsvgsgwpsspgsdpplpkpcgdhplnhrqlslsssrssegslggqnsgiggrssekptglwstassqrvspglpspnlengapavgpvqprtpsvsaplalscprqgglprsnsglggevsgvmskpnvdpqpwfqdgpksylsssapssspagldgsqqgavpglgpkpgctdlgtgpklsptslvhpvmstlpelsckegplgwssdgslgsvlldspssprvrlpcqplvpgpelrpsa
protein37,"['Unique-Polar', 'PS']",Mqrrddpaarmsrssgrsgsmdpsgahpsvrqtpsrqpplphrsrgggggsrggaraspatqpppllppsatgpdatvggpaptpllppsatas
protein74,"['Unique-Polar', 'PS']",Mpppspdsengfypglpssmnpaffpsfspvsphgctglsvptsggggggfggpfsatavppppppamnipqqqppppaapqqpqsrrspvspqlqqqhqaaaaaflqqrnsynhhqpllkqspwsnhqssgwgtgsmswgamhgr
protein79,"['Unique-Polar', 'PS']",sftnvhstsakfpdykstwspdpighnpthlsnkmwknhissrnttplprpppgltnpkpsspwsstaprsvrgwgtqdsrlasastwsdggsvrpsywlvlhnltpqidgstlrtiCMQHGPLLTFHLNLTQGTALIRYSTKQEAAKAQTALHMCVlgnttilaefatddevsrflaqaqpptpaatpsapaagwqsletgqnqsdpvgpalnlfggstglgqwsssaggssgadlagaslwgppnyssslwgvptvedphrmgspapllpgdllgggsds
protein86,"['Unique-Polar', 'PS']",MnsqpqtrspffqrpqiqppratipnsspsirpgaqtptavyqanqhimmvnhlpmpypvpqgpqycipqyrhsgppyvgppqqypvqppgpgpfypgpgpgdfpnaygtpfypsqpvyqsapiivptqqqpppakrekktirirdpnqggkditeeimsgggsrnptppigrptstptppqqlpsqvpehspvvygtvesahlaastpvtaasdqkqeekpkpdpvlkspspvlrlvlsgekkeqegqtsettaivsiaelplppspttvssvarstiaaptssalssqpifttaiddrcelsspredtipipsltsctetsdplptnendddickkpcsvapndiplvsstnlineingvseklsatesiveivkqevlpltleleilenppeemklecipapitpstvpsfpptpptppaspphtpvivpaaattvsspsaaitvqrvleedesirtclsedakeiqnkieveadgqteeildsqnlnsrrspvpaqIAITVpktwkkpkdrtrtteemleaelelkaeeelsidkvleseqdkmsqgfhperdpsdlkkvkaveengeeaepvrngaesvsegegidansgstdssgdgvtfpfkpeswkptdtegkk
protein94,"['Unique-Polar', 'PS']",saapmlpspgkpasysphmvtpqggagtlplsqassslsttvttlssavgtlhpsrtaggggggggaapplnsipsvtppppattnstnpspqgshsaiglsglnpstgpgl
protein102,"['Unique-Polar', 'PS']",nsrspgnksdnikpksapwnsflpppppmpgprlgpgkpglkfngpppppppppphllscwlppfpsgppiipppppicpdslddadalgsmlisWYMSGYHTGYYMGFRQNQKEGRCSHSLN
protein108,"['Unique-Polar', 'PS']",lrlstvastdilatvleemppfperessilaklkkkkgpstvtdledtkrdrsvdvnggpepapastsavstpspsadllglgaappapagpppssggsgllvdvfsdsasvvaplapgs
protein39,"['Charge-Polar', 'ES']",lskkleevegeissyqdaieielensrpkakgglaslakdgstedtasslcgeedtedeeleaaashlnkdlyrellggapgsseaagspewggrppalgslldplptaaslgisdsirecissqssdpkdasgdgeldlsgiddleidryilnesearvkaelwmrenaeylreqrekeariakekelgiykehkpkksckrrepiqastareaiekmleqkkisskinysvlrglssagggsphredaqpehsasarklsrrrtpasrsgadpvtsvgkrlrplvstqpakkvatgeallpssptlgaeparpqavlvesgpvsyhadeeadeeepdeedgepcvsal
protein88,"['Charge-Polar', 'ES']",tvqgaknsrvldpskflkitkptidekiqlvpkaqlgswgkgssggakasetdalrssasslnrfsalqppapsgstpstpvefdsrrtltsrgsmgrekndkplpsatarpntfmrggsskdlldnqsqeeqrreMletvkqltggvdvernsteaernktresakpeisamsahdkaalseeelerksksiideflhindfkeamqcveeln
protein111,"['Charge-Polar', 'ES']",MaetlsglgdsgaagaaalssassetgtrrlsdlrvidlraelrkrnvdssgnksvlmerlkkaiedeggnpdeieitsegnkktskrsskgrkpeeegvedngleensgdgqedvetslenlqdidimdisvldeaeidngsvadcvedddadnlqeslsdsrelvegemkelpeqlqehaiedketinnldtsssdftilqeieepslepenekildilgetcksepvkeesseleqpfaqdtssvgpdrklaeeedlfdsahpeegdldlasestahaqsskadsllavvkrepaeqpgdgertdcepvglepaveqssaaselaeasseelaeapteapspeardskedgrkfdfdacnevppapkesstsegadqkmsspeddsdtkrlskeekgrssCGRNFWVSGLSSTTRATDLKNLFSKYGKVVGAKVVTNARSPGARCYGFVTMSTAEEATKCINHLHKTELHGKMIsvekaknepvgkktsdkrdsdgkkekssnsdrstnlkrddkcdrkddakkgddgsgekskdqddqkpgpsersratksgsrgtertvvmdkskgvpvisvktsgskerasksqdrksasrekrsvvsfdkvkeprksrdseshsrvrersereqrmqaqwereererleiarerlafqrqrlerermererlerermhveherrreqerihrereelrrqqelryeqerrpavrrpydldrrddaywpeakraalderyhsdfnrqdrfhdfdhrdrgrypdhsvdrregsrsmmgeregqhyperhggperhgrdsrdgwggygsdkrmsegrglpppprrdwgdhgrreddrswqgtadggmmdrdhkrwqggersmsghsgpghmmnrggmsgrgsfapggasrghpiphggmqggfggqsrgsrpsdar
protein9,"['Unique-Hydro', 'GL']",gaggsksrltlsmavaaefrdslgdfiehyaqlgpsspeqlaagaeegggprralkseflvrenrkyyldlkenqrgrflrirqtvnrggggfgagpgpgglqsgqtialpaqgliefrdalakliddyggeddelaggpgggaggpggglygelpeg
protein107,"['Unique-Hydro', 'GL']",grgklyhqskgpgapqypagtqgeqlevperllvvldmeegtlgyaiggtylgpafrglkgrtlypav
protein2,"['Charge-Polar', 'DS']",pspspllsssfdldydfqrdyydrmysyparvpppppIARAVVPskrqrvsgntsrrgksgfnsksgqrgssksgklkgddlqaikkeltqikqkvdsllenlekiekeqskqavemkndkseeeqssssvkkdetnvkmeseggaddsaeegdllddddnedrgddqlelikddekeaeegeddrdsangedds
protein67,"['Charge-Polar', 'DS']",gdsdgpsymsslsyladstlseemsqfdfstgvqsysyssqdprpatgrfrrreqrdptvhddvlelemdel
protein84,"['Cation-Pi', 'QR']",eedessfqlvdtartqktayqrnrmrfaqrnlrrdkdrrnmlqfnlqilpksakqkererirlqkkfqkqfgvrqkwdqksqkprdssvevrsdwevkeemdfpqlmkmrylevsepq
protein22,"['Charge-Charge', 'DE']",MVKLakagknqgdpkkmapppkeveedsedeemsedeeddssgeevvipqkkgkkaaatsakkvvvsptkkvavatpakkaavtpgkkaaatpakktvtpakavttpgkkgatpgkalvatpgkkgaaipakgakngknakkedsdeeedddseedeeddededededeiepaamkaaaaapasededdeddeddedddddeeddseeeamettpakgkkaakvvpvkaknvaededeeeddededddddeddeddddeddeeeeeeeeeepvkeapgkrkkemakqkaapeakkqkvegteptta
protein85,"['Charge-Charge', 'DE']",dedeeeeeeeeeeeeeee
protein35,"['Charge-Polar', 'HQ']",MQSNKTFNLEKQNHTPRKhhqhhhqqqhhqqqqqqppppp
protein72,"['Charge-Polar', 'HQ']",MEEkpgqpqpqhhhshhhphhhpqqqqqqphhhhhyyfynhshnhhhhhhhqqphqylqhgaegspkaqpkplkheqkhtlqqhqetpkkkt
protein55,"['Cation-Pi', 'KS']",akhqkvvklhtklgkpipstepnvvsqatsstavsaskptaspssiaannctvntssvatssmkgltttgnsslnstsntkvsavptnmaakktstpkinfvggnklqstgnkaedikgtecvkstpvtsavqipevkqdtvsepvtpaslaalQSDVQPVGHDYVEEVRNDEGKVIRFHCKLCECSFNDPNAKEMHLKGRRHRLQYKKKVNPDLQVEVKPSIRARKIQeekmrkqmqkeeywrrreeeerwrmemrryeedmywrrmeeeqhhwddrrrmpdggyphgppgplgllgvrpgmppqpqgpaplrrpDSSDDRYVMTKHATIYPTEEELQAVQKIVSITERalklvsdslseheknknkegddkkeggkdralkgvlrvgvlakglllrgdrnvnlvllcsekpsktllsriaenlpkqlavispek
protein73,"['Cation-Pi', 'KS']",kpdyseqkgnrvdgskpiwkyetgpggtsrgkpavgdmlrkssdskpgvsskkfddrpkgkhasavaskedswtlfkpppvfpvdnssakivpkisyaskvkenlnktiqnssvsptsssssssstgetqtqsssrlsqvpmsalksvtsanfsngpvlagtdgnvyppggqpllttaantltpissgtdsvlqdmsltsaaveqiktslfiypsnmqtmllstaqvdlpsqtdqqnl
protein62,"['Hydro-Hydro', 'IL']",fvlavvitcffgslvtltfggayvvklleeyatgpavltvalieavavswfygiTQFCRDVKEMLGFSPGWFWRICWVAisplfllfiicsflmsppqlrlfqynypywsiilgycigtssficiptyiayrliitpgtfkeriiksitpetpteipcgdirl
protein109,"['Hydro-Hydro', 'IL']",rillqsknagavigkggknikalrtdynasvsvpdssgperilsisadietigeilkkiiptleeglqlpsptatsqlples
protein16,"['Unique-Unique', 'GP']",ppmnsmrgglppregrgmppplrggpggpggpggpmgrmggrggdrggfpprgprgsrgnpsgggNVQHRAGDWQCPNPGCGNQNFAWRTECNQCKAPKPEgflpppfpppggdrgrggpggmrggrgglmdrggpggmfrggrggdrggfrggrgmdrggfgggrrggpggppgplmeqmggrrggrggpgKMDKGEHRQERRDRPY
protein38,"['Unique-Unique', 'GP']",gvpepsrgrgvpvrgrgaapppppvprgrgvgpprgalvrgtpvrgaitrgatvtrgvpppptvrgapaprartagiqriplppppapetyeeygyddtyaeqsyegyegyysqsqgdseyydyghgevqdsyeaygqddWNGTRPSLKAPPARPVKGAYREHPYGRY
protein44,"['Unique-Unique', 'GP']",ipgrtdieleiygmegipekdmderrrlleqktqesqkkkqqddsdeyddddsaastsfqpqpvqpqqgyippmaqpglppvpgapgmppgipplmpgvpplmpgmppvmpgmppgmmpmggmmppgpgipplmpgmppgmpppvprpgippmtqaqavsapgilnrppaptatvpapqppvtkplfpsagqmgtpvtssstassnseslsasskalfpstaqaqaavqgpvgtdfkplnstpattteppkptfpaytqstasttsttnstaakpaasitskpatltttsatsKLIHPDEDISLEERRAQLPKYQRNLprpgqapignppvgpiggmmppqpgipqqqgmrppmpphgqygghhqgmpgylpgamppygqgppmvppyqggpprppmgmrppvmsqggry
protein58,"['Unique-Unique', 'GP']",MSRDRFRsrggggggfhrrgggggrgglhdfrspppgmglnqnrgpmgpgpgqsgpkppippppphqqqqqpppqqpppqqppphqppphpqphqqqqpppppqdsskpvvaqgpgpapgvgsappasssappatpptsgappgsgpgptptpppavtsappgappptppssgvpttppqaggpppppaavpgpgpgpkqgpgpggpkggkmpggpkpgggpglstpgghpkpphrgggeprggrqhhppyhqqhhqgpppggpgg
protein63,"['Unique-Unique', 'GP']",MSDYSTggpppgppppagggggaggagggpppgppgagdrggggpggggpgggsaggpsqppggggpg
protein64,"['Unique-Unique', 'GP']",gppgppggpgmppggrgrgrgqgnwgppggEMTFSIPTHKCGLVIGRGGENVKAINQQTGAFVEISRQLPPNGDPNFKLFIIRGSPQQIDHAKQLIEEKIEgplcpvgpgpggpgpagpmgpfnpgpfnqgppgapphaggppphqyppqgwgntypqwqppaphdpskaaaaaadpnaawaayyshyyqqppgpvpgpapapaappaqgeppqppptgqsdytkaweeyykkigqqpqqpgappqqdytkaweeyykkqaqvatgggpgappgsqpdysaawaeyyrqqaayygqtpgpggpqppptqqgqqqaq
protein99,"['Unique-Unique', 'GP']",lkpdvrlsrgsidredgslqgpignqhiyqpvgkpdpaappkkpprpgapghlgslaslsspadsynegvklqpqeisppp
protein110,"['Unique-Unique', 'GP']",mmfddrrgrpvgfpmrgrggfdrmppgrggrpmppsrrdyddmsprrgppppppgrggrggsrarnlplpppppprggdlmaydrrgrpgdrydgmvgfsadetwdsaidtwspsewqmayepqggsgydysyaggrgsygdlggpiittqvtipkdlagsiigkggqrikqirhesgasikideplegsedriititgtqdqi
protein114,"['Unique-Unique', 'GP']",lgpyvlhgrpyrppspppppsegfsiksllggsgegapwpglapqsspvpagtgnsgeeavptpplpsserplwplcplpgptrvegetvqggaigpstlspeprawplhllqgtavpggrssgghraslwgqlptsylpiytpnvvmplappptscpqcpstspaywgvapetrgppgllCDLDALFQGVPPNKSIYDVWVSHPRDLAAPGPGWLLSWCSL
protein120,"['Unique-Unique', 'GP']",dytnpnlsgqgdpgsnpnkrqrqppllgdhpaeyggphggyhshyhdegygpppphyegrrmgppvgghrrgpsrygpqyghppppppppeygph
protein7,"['Cation-Pi', 'DK']",eedaesedeeeedvkllsisgkrsapgggskvpqkkvklaadeddddddeedddeddddddfddeeaeekapvkksirdtpaknaqksnqngkdskpsstprskgqesfkkqektpktpkgpssvedikakmqasiekggslpkveakfINYVKNCFRMTDQEAIQDLWQWRKSL
protein42,"['Unique-Polar', 'GQ']",npvqqqnqigypqpygqwgqwygnaqqigqympngwqvpaygmygqawnqqgfnqtqssapwmgpnygvqppqgqngsmlpnqpsgyrvagy
protein48,"['Unique-Polar', 'GQ']",nfqqvdysqwgqwsqvygnpqqygqymangwqvppygvygqpwnqqgfgvdqspsaawmggfgaqppqgqapppvipppnqagygmasyq
protein123,"['Cation-Pi', 'KP']",MSQVQVQVqnpsaalsgsqilnknqsllsqplmsipsttsslpsenagrpiqnsalpsasitstsaaaesitpTVELNALCMKLGKKPMYKPVDPYSRMQSTYNYNMRGGAYPPRYFYPFPVPPLLYQVELSVGGQQFNGKGKTRQAAKHDAAAKALRIlqneplperlevngreseeenlnkseisqvfeialkrnlpvnfevaresgpphmknfvtkvsvgefvgegegkskkiskknaaiavleelkklpplpavervkprikkktkpivkpqtspeygqginpisrlaqiqqakkekepeytllterglprrrefv
protein17,"['Charge-Hydro', 'EL']",MpsatshsgsgskssgppppsgssgseaaagagaaapasqhpatgtgaVQTEAMKQILGVIDKKLRNLEKKKGKLDDYQERMNKGERLNQDQLDAVSKYQEVTNnlefakelqrsfmalsqdiqktikktarreqlmreeaeqkrlktvlelqyvldklgddevrtdlkqglngvpilseeelslldefyklvdperdmslrlneqyeHASIHLWDLLEGKEKPVCGTTYKVLKEIVERVFQSNYFDSTHNHQNGLCeeeeaasapavedqvpeaepepaeeyteqsevesteyvnrqfmaetqftsgekeqvdewtvetvevvnslqqqpqaaspsvpephsltpvaqa
protein89,"['Charge-Hydro', 'EL']",eadlswkdflpegedvhnflleqkldfiesdspcssealskkelsaeelykrlekliiedkandeqifdwveanldeiqmssptfl
protein113,"['Charge-Hydro', 'EL']",raqyetiaeqnrkdaeawfieksgelrkeistnteqlqssksevtdlrrafqnleielqsqlamkksledslaeaegdycaqlsqvqqlisnleaqllqvradaerqnvdhqrllnvkarleleietyrrlldgeaqgdgleeslfvtdsksqaqstdsskdptktrkiktvvqemvngevvssqvqeieel
protein8,"['Unique-Polar', 'GS']",ysggggggsrssrggrggrgrgggrdqnglskgggggynsyggygggggggynayggggggssyggsdygngfggfgsysqhqssygpmksggggggggsswggrsnsgpyrggygggggyggss
protein45,"['Unique-Polar', 'GS']",MIARQQCVrggprgfscgsaivgggkrgafssvsmsggagrcssggfgsrslynlrgnksismsvagsrqgacfggaggfgtggfgggfggsfsgkggpgfpvcpaggIQEVTINqslltplhveidpeiqkvrteereqikllnnkfasfidkvqfleqqnkvletkwnllqqqttttssknleplfetylsvlrkqldtlgndkgrlqselktmqdsvedfktkyeeeinkrtaaendfvvlkkdvdaaylnkveleakvdslndeinflkvlydaelsqmqthvsdtsvvlsmdnnrnldldsiiaevRAQYEEIAQRSKAEAEALYQTKVQQLQISVDQHGDNLKNTKSEIAELNRMIQrlraeienikkqcqtlqvsvadaeqrgenalkdahskrveleaalqqakeelarmlreyqelmsvklaldieiatyrkllegeeYRMSGECQsavsisvvsgststggisgglgsgsgfglssgfgsgsgsgfgfggsvsgsssskiisttt
protein50,"['Unique-Polar', 'GS']",leelrlvfgplgdqlhaqlrdltssssdelswiiellekdgmafqealdpgpfdqgspfaqellddgqqaspyhpgscgagapspgssdvstagtgasrsshssdsggsdvdldptdgklfpsdgfrdckkgdpkhgkrkrgrprklskeywdclegkkskhaprgthlwefirdilihp
protein53,"['Unique-Polar', 'GS']",plpskmpkkpknenpvdytvqippsttyaitpmkrpmeedgeekspskkkkkiqkkeekaeppqamnalmrlnqlkpgLQYKLVSQTGPVHAPIFTMSVEVDGNSFeasgpskktaklhvavkvlqdmglptgaegrdsskgedsaeeteakpavvapapvveavstpsaafpsdataeqgpiltKHGKNPVMELNEKRRGLKYELISETGGSHDKRFVMEVEVDgqkfqgagsnkkvakayaalaaleklfpdtplaldankkkrapvpvrggpkfaakphnpgfgmggpmhnevppppNLRgrgrggsirgrgrgrgfgganhggymnagagygsygyggnsatagysqfysngghsgnasgggggggggssgygsyyqgdnynspvppkhagkkqphggqqkpsygsgyqshqgqqqsynqspysnygppqgkqkgynhgqgsysysnsynspgggggsdynyeskfnysgsggrsggnsygsggasynpgshggygggsgggssyqgkqggysqsnynspgsgqnysgppssyqssqggygrnadhs
protein77,"['Unique-Polar', 'GS']",ttgptpfstmpnaaavamaatltqqqqpatgpqpslgvsfgtpfgsgigtglqssglgssnlggfgtssgfgcsttgastfgfgttnkpsgslsagfgssstsgfnfsnpgitasagltfgvsnpasagfgtggqllqlkkppag
protein78,"['Unique-Polar', 'GS']",kkrkkedkkkkeatqkvteqktkvpevtkpslsqptaaspigsspsppvnggnnakrvavpngqppsaarymprevppRFRCQQDHKVLLKRGQppppscmllgggagpppctapganpnnaqvtgallqsesgtapdstlggaaasnyanstwgsgassnngtspnpihiwdkvivdgsdmeewpciaskdtesssenttdnnsasnpgsekstlpgsttsnkgkgsqcqsassgnecnlgvwksdpkaksvqssnsttennnglgnwrnvsgqdrigpgsgfsnfnpnsnpsawpalvqegtsrkgaleTDNSNSSAQVSTVGQTSREQQSKMENAGVNFVVsgreqaqihntdgpkngntnslnlsspnpmenkgmpfgmglgntsrstdapsqstgdrktgsvgswgaargpsgtdtvsgqsnsgnngnngkeredswkgasvqkstgskndswdnnnrstggswnfgpqdsndnkwgegnkmtsgvsqgewkqptgsdelkigewsgpnqpnsstgawdnqkghplpenqgnaqapcwgrsssstgsevggqstgsnhkagssdshnsgrrsYRPTHPDCQAVLQTLLSRTDLDPRVLsntgwgqtqikqdtvwdieevprpegksdkgtegwesaatqtknsggwgdapsqsnqmksgwgelsastewkdpkntggwndyknnnssnwgggrpdektpsswnenpskdqgwgggrqpnqgwssgkngwgeevdqtknsnwessaskpvsgwgeggqneigtwgnggnaslaskggwedckrspawnetgrqpnswnkqhqqqqppqqppppqpeasgswggppppppgnvrpsnsswssgpqpatpkdeepsgweepspqsisrkmdiddgtsawgdpnsynyknvnlwdknsqggpaprepnlptpmtsksasvwskstppapdngtsawgepnesspgwgemddtgasttgwgntpanapnamkpnsksmqdgwgesdgpvtgarhpsweeeedggvwnttgsqgsasshnsaswgqggkkqmkcslkggnndswmnplakqfsnmgllsqtednpsskmdlsvgslsdkkfdvdkramnlgdfndimrkdrsgfrppnskdmgttdsgpyfekltlpfsnqdgclgdeapcspfspspsyklspsgstlpnvslgaigtglnpqnfaarqggshglfgnstaqsrglhtpvqplnsspslraqvppqfispqvsasmlkqfpnsglspglfnvgpqlspqqiamlsqlpqipqfqlacqlllqqqqqqqllqnqrkisqavrqqqeqqlarmvsalqqqqqqqqrqpgmkhspshpvgpkphldnmvpnalnvglpdlqtkgpipgygsgfssgg
protein83,"['Unique-Polar', 'GS']",rggggggggrsryrttssannpnlmyqdecdrrlrgvkdggrrdsasyrdrsetdragyangsgygspnsafgaqagqytygqgtygaaaygtssytaqeygagtygassttstgrssqsssqqfsgigrsgqqpqplmsqqfaqppgatnmigymgqtayqypppppppppsr
protein91,"['Unique-Polar', 'GS']",MAsndytqqatqsygayptqpgqgysqqssqpygqqsysgysqstdtsgygqssyssygqsqntgygtqstpqgygstggygssqssqssygqqssypgygqqpapsstsgsygsssqsssygqpqsgsysqqpsyggqqqsygqqqsynppqgygqqnqynsssggggggggggnygqdqssmssgggsgggygnqdqsggggsggygqqdrggrgrggsggggggggggynrssggyeprgrgggrggrggmggsdrgg
protein97,"['Unique-Polar', 'GS']",ssqgrpssmyfqthdqigmisagpshvaamnipipfnlvmppmpppgyfgqangpaagrgtpkgktgrggrqknrfglpgpsqtnlpnsqasqdvasqpfsqgaltqgyismsqpsqmsqpglsqpelsqdsylgdefksqidvalsqdstyqgerayqhggvtglsq
protein104,"['Unique-Polar', 'GS']",MSHVAVENALGLDQQFAGLDLNSSDNQSGGSTASKGRYIPPHLRNREATkgfydkdssgwssskdkdayssfgsrsdsrgkssffsdrgsgsrgrfddrgrsdydgigsrgdrsgfgkferggnsrwcdksdeddws
protein105,"['Unique-Polar', 'GS']",hykgssrgrskssrfsggfgardyrqssgassssfsssrasssrsgggghgssrgfggggyggfynsdgyggnynsqg
protein106,"['Unique-Polar', 'GS']",MsdsgsygqsggeqqsystygnpgsqgygqasqsysgygqttdssygqnysgyssygqsqsgysqsyggyenqkqssysqqpynnqgqqqnmessgsqggrapsydqpdygqqdsydqqsgydqhqgsydeqsnydqqhdsysqnqqsyhsqrenyshhtqddrrdvsrygednrgyggsqgggrgrggydkdgrgpmtgssggdrggfknfgghrdygprtdadsesdnsdNNTIFVQGLGEGVSTDQVGEFFKQIGIIKTNKKTGKPMINLYTDKDTGKPKGEATVSFDDPPSAKAAIDWFDGKEFHGNIIKVSFATRRPEFMrgggsgggrrgrggyrgrggfqgrggdpksgdwvcpnpscgnmnfarrnscnqcneprpedsrpsggdfrgrgyggergyrgrggrggdrggyggdrsgggyggdrssgggysgdrsgggyggdrsgggyggdrgggyggdrgggyggdrgggyggdrggyggdrgggyggdrggyggdrggyggdrggyggdrggyggdrsrggyggdrgggsgyggdrsggyggdrsgggyggdrgggyggdrggyggkmggrndyrndqrnr
protein112,"['Unique-Polar', 'GS']",MDLSNNTMSLSVRTPglsrrlssqsvigrprgmsassvgsgyggsafgfgascgggfsaasmfgsssgfgggsgssmagglgagygralgggsfgglgmgfggspgggslgilsgndggllsgs
protein124,"['Unique-Polar', 'GS']",MSYQKKQPTPQPPVDCVKTsggggggggsggggcgffggggsgggssgsgcgysggggysgggcgggssgggggggiggcgggsggsvkysggggssgggsgcfssggggsgcfssggggssgggsgcfssggggssgggsgcfssggggfsgqavqcqsyggvssggssgggsgcfssgggggsvcgysgggsgcgggssggsgsgyvssqqvtqtscapqpsygggssggggsggsgcfssgggggssgcgggssgigsgciisgggsvcgggssggggggssvggsgsgkgvPICHQTQQKQAPTWPSK
protein30,"['Cation-Pi', 'RS']",sreplpgltrepvaespkkkrweaasslhpprgagsatrgggapsqrgtpgaggagrargnsftkfgnrnvfmkdnssssstdsrsrsssrsptrhfrrsdshsdsdssysgnechpvgrrnpppkgrggrgahmdrgrgraqrgkrhdlaptkrsrkkmaalecedperelkkqkraarfqhghsrrlrleplvlqmsslessgadp
protein90,"['Cation-Pi', 'RS']",efsedsvqvprnlvgkvigkngkviqeivdksgvvrvrvegdndkknpreegmvpfifvGTRENISNAQALLEYHLSYLQEVeqlrlerlqideqlrqiglgfrppgsgrgsggsdkagystdessssslhatrtyggsyggrgrgrrtggpaygpssdvstasetesekreepnragpgdrdpptrgeesrrrptggrgrgpppaprptsrynsssissvlkdpdsnpyslldtsepeppvdsepgepppasarrrrsrrrrtdedrtvmdgglesdgpnmtengledesrpqrrnrsrrrrnrgnrtdgsisgdrqpvtvadyisraesqsrqrpplertkpsedslsgqkgdsvsklpkgpsengelsaplelgs
protein101,"['Cation-Pi', 'RS']",eveqlrmerlqideqlrqigsrsysgrgrgrrgpnytsgygtnselsnpseteserkdelsdwslageddrdsrhqrdsrrrpggrgrsvsggrgrggprggkssissvlkdpdsnpyslldntesdqtadtdaseshhstnrrrrsrrrrtdedavlmdgmtesdtasvnenglvtvadyisraesqsrqrnlpret
protein10,"['Cation-Pi', 'GR']",vqsslgsstssfqsmgsygpfgrmptysqfspsslvgqqfgavgvagssltsfgtetsnsgtlpqssavgsaftqdtrslktqlsqgrsspqldplrksptmeqavqtasahlpapaavgrrspvstrplpsasqkagenqehrraevhkvsrpeneqlrndnkrqvapgapsaprrgrgghrggrgrfgirrdgpmkfekdfdfesanaqfnkeeidrefhnklklkedklekqekpvngedkgdsgvdtqnsegnadeedplgPNCYYDKTKSFFDNISCDDnrerrptwaeerrlnaetfgiplrpnrgrggyrgrgglgfrggrgrgggrggtftaprgfrggfrggrggr
protein12,"['Cation-Pi', 'GR']",ppdkkrkerqaarqasrstayedyyyhppprmpppirgrgrgggrggygyppdyygyedyyddyygydyhdyrggyedpyygyddgyavrgrgggrggrgapppprgrgappprgragysqrgaplgpprgsrggrggpaqqqrgrgsrgsrgnrggnvggkrkadgynqpdskrrqtnnqqnwgsqpiaqqplqqggdysgnygynndNQEFYQDTYGQQWK
protein20,"['Cation-Pi', 'GR']",ppdqkrkerkaqrqaaknqmyddyyyygpphmppptrgrgrggrggygyppdyygyedyydyygydyhnyrggyedpyygyedfqvgargrggrgargaapsrgrgaapprgragysqrggpgsargvrgarggaqqqrgrgvrgarggrggnvggkrkadgynqpdskrrqTNNQNWGSQPIAQQPLQGGDHSGNYGYKSENQEFYQDTFGQQWK
protein23,"['Cation-Pi', 'GR']",kpkgeggfggrgggrggfggrgggrggrggfggrgrggfggrggfrggrggggDHKPQGKKTKFE
protein24,"['Cation-Pi', 'GR']",MADKMDMSLDDIIKLNrsqrggrgggrgrgragsqggrgggaqaaarvnrgggpirnrpaiargaaggggrnrpa
protein25,"['Cation-Pi', 'GR']",nrggmtrnrgaggfgggggtrrgtrggargrgrgagrnSKQQLSAEELDAQLDAYNARMDTS
protein27,"['Cation-Pi', 'GR']",MKPGFSPrgggfggrggfgdrggrggrggfgggrgrgggfrgrgrgggggggggggggrggggfhsggnrgrgrggkrg
protein40,"['Cation-Pi', 'GR']",ssrpppnrtdkeksyvtddgqgmgrgsrpyrnrghgrrgpgytsgtnseasnasetesdhrdelsdwslapteeeresflrrgdgrrrggggrgqggrgrgggfkgnddhsrtdnrprnpreakgrttdgslqirvdcnners
protein41,"['Cation-Pi', 'GR']",MSSEAETQQppaappaapalsaadtkpgttgsgagsggpggltsaapaggdkKVIATKVLGTVKWFNVRNGYGFINRNDTKEDVFVHQTAIKKNNPRKYLRSVGDGETVEFDVvegekgaeaanvtgpggvpvqgskyaadrnhyrryprrrgpprnyqqnyqnsesgeknegsesapegqaqqrrpyrrrrfppyymrrpygrrpqysnppvqgevmegadnqgageqgrpvrqnmyrgyrprfrrgpprqrqpredgneedkenqgdetqgqqppqrryrrnfnyrrrrpenpkpqdgketkaadppaenssapeaeqggae
protein60,"['Cation-Pi', 'GR']",Mrgdrgrgrggrfgsrggpgggfrpf
protein61,"['Cation-Pi', 'GR']",drgsgrsrgrggmkddrrdrysagkrggfntfrdrenydrgyssllkrdfgaktqngvysaanytngsfgsnfvsagiqtsfrtgnptgtyqngydstqqygs
protein92,"['Cation-Pi', 'GR']",rradfnrgggngrggrgrggpmgrggyggggsggggrggfpsgggggggqqragdWKCPNPTCENMNFSWRNECNQCKApkpdgpgggpggshmggnygddrrggrggydrggyrgrggdrggfrggrgggdrggfgpgkmdsrgehrqdrrerpy
protein119,"['Cation-Pi', 'GR']",MSRRLLPRAEKRRRRLEQRQQPDEQRRRSgamvkmaaagggggggryygggseggrapkrlktdnagdqhgggggggggagaagggggg
protein33,"['Unique-Hydro', 'GV']",MASRkegtgstatsssstagaagkgkgkggsgdsavkqvqidglvvlkiikhyqeegqgtevvqgvllglvved
protein52,"['Charge-Hydro', 'DL']",aesdnmdvppeddskegageqktehmtrtlrgvmrvglvakglllkgdldlelvllckekpttalldkvadnlaiqlaavtedkyeilqsvddaaivikntkepplsltihltspv
protein70,"['Cation-Pi', 'EK']",kedqteyleerrvkevvkkhsqfigypitlylekerekeisddeaeeekgekeeedkddeekpkiedvgsdeeddsgkdkkkktkkikekyidqeelnktkpiwtrnpdditqee
protein71,"['Cation-Pi', 'EK']",evvymtepideycvqqlkefdgkslvsvtkeglelpedeeekkkmeeskakfenlcklmkeildkkvekv
protein81,"['Cation-Pi', 'EK']",kvdlsekykklvlripnrgidllkkdksrkrsyspdgkespsdkksktdgsqktesstegkeqeeksgedgekdtkddqteqepnmllesedellvdeeeaaallesgssvgdetdlanlgdvasdgkkepsdkavkkdgsasaaakkklkkvdkieeldqeneaalengikneentepgaessenaddpnkdtsenadgqsdenkdd
protein87,"['Cation-Pi', 'EK']",rklllnrcqkefekdkadddvfekkqkeleaasapeertrlhdeleeakdkarrrsignikfigelfklkmlteaimhdc
protein116,"['Cation-Pi', 'EK']",MAdaeviilpkkhkkkkerkslpeedvaeiqhaeeflikpeskvakldtsqwplllknfdklnvr
protein56,"['Unique-Polar', 'GT']",MfnksfgtpfgggtggfgttstfgqntgfgttsggafgtsafgssnntgglfgnsqtkpgglfgtssfsqpatststgfgfgtstgtantlfgtastgtslfssqnnafaqnkptgfgnfgtstssgglfgttnttsnpfgstsgslfgpssftaaptgttikfnpptgtDTMVKAGVSTNISTKHQCITAMKEYESKSLEELRLEDYQANRKgpqnqvgagtttglfgsspatssatglfsssttnsgfaygqnktafgtsttgfgtnpgglfgqqnqqttslfskpfgqatttqntgfsfgntstgqpstntmglfgvtqasqpgglfgtatntstgtafgtgtglfgqtntgfgavgstlfgnnklttfgssttsapsfgttsgglfgnkptltlgtntntsnfgfgtntsgnsifgskpapgtlgtglgagfgtalgagqaslfgnnqpkiggplgtgafgapgfntttatlgfgapqapvaltdpnasaaqqavlqqHINsltyspfgdsplfrnpmsdpkkkeerlkptnpaaqkalttpthykltprpatrvrpkalqttgtakshlfdgldddepslangafmpkksikklvlknlnnsnlfspvnrdsenlaspseypengerfsflskpvden
protein76,"['Unique-Polar', 'GT']",MstgfsfgsgtlgsttvaaggtstggvfsfgtgassnpsvglnfgnlgststpattsapssgfgtglfgskpatgftlggtntgiattittgltlgtpattsaattgfslgfnkpaasatpfalpitstsasgltlssaltstpaastgftlnnlggttattttastglslggalaglggslfqstntgtsglgqnalgltlgttaatstagNEGLGGIDFSSSSDKKSDKTGtrpedskalkdenlppvicqdvenlqkfvkeqkqvqeeisrmsskamlkvqedikalkqllslaangiqrntlnidklkietaqelknaeialrtqktppglqheyaapa
protein43,"['Hydro-Polar', 'AS']",pgagdtafpgtggfsatfdyqqafgnstggfdgqarqptppffgrdrsplrrspprasyvapltaqpatyraqpsvslgaayraqpsaslgvgyrtqpmtaqaasyraqpsvslgapyrgqlaspssqsaaasslgpyggaqpsasalssyggqaaaasslnsygaqgsslasygnqpssygaqaassygvraaassyntqgaasslgsygaqaasygaqsaasslaygaqaasynaqpsasynaqsapyaaqqaasyssqpaayvaqpataaayasqpaayaaqattpmagsygaqpvvqtqlnsygaqasmglsgsygaqsaaaatgsygaaaaygaqpsatlaapyrtqssaslaasyaaqqhpqaaasyrgqpgnaydgagqpsaaylsmsqgavananstpppyertrlspprasyddpykkavamskrygsdrrlaelsdyrrlsesqlsfrrsptkssldyrrlpdahsdyarysgsyndylraaqmhsgyqrr
protein5,"['Hydro-Unique', 'AP']",MLKpqplqqpsqpqqppptqqavarrppggtsppngglpgplatsaappgppaaaspclgpvaaagsglrrgaegilapqppppqqhqerpgaaaigsargqstgkgppqsp
protein26,"['Hydro-Unique', 'AP']",vaamslqshlipglnlaavglfpasssavppppssvtgaapyssfmqapeqemvqvfipaqavgaiig
protein82,"['Hydro-Unique', 'AP']",Mptgfvapilcvllpsptreaatvasatgdsaseresaapaaaptaeapppsvvtrpepqalpspairaplpdlypfgtmrgggfgdrdrdrdrggfgargggglppkkfgnpgerlrkkkwdlselpkfeknfyvehpevarltpyevdelrrk
protein98,"['Hydro-Unique', 'AP']",appppppsrggpppppppphnsgpppppargrgapppppsraptaappppppsrpsvavpppppnrmypppppalpssapsgppppppsvlgvgpvapppppppppppgpppppglpsDGDHQVPTTAGNKAALLDQIREGAQLKKVEQNSRPVSCSGRDALLDQIRQGIQLKSVADGQESTPPTPAPTSGIVGALMEVMQKRSKAIHSSDEDEDEDDEEDFEDDDEWED
protein13,"['Hydro-Unique', 'AG']",MSEEQFggdgaaaaataavggsageqegamvaatqgaaaaagsgagtgggtasggteggsaesega
protein28,"['Hydro-Unique', 'AG']",Mseageeqpmettgatengheavpeasrgrgwtgaaagaggataappsgnqngaegdqinaskneedag
protein96,"['Hydro-Unique', 'AG']",MSVEAYgpssqtltfldteeaellgadtqgsefeftdftlpsqtqtppggpggpggggaggpggagagaaagqldaqvgpegilqngavddsvaktsqllaelnfeedeedt
protein115,"['Hydro-Unique', 'AG']",MEVpprlshvppplfpsapatlasrslshwrprpprqlapllpslapssarqgarraqrhvtaqqpsrlaggaaikggrrrrpdlfrrhfksssiqrsaaaaaatrtarqhppadssVTMEDMNEYSNIEEFAEGSKINASKNQQDDGKMFIGGLSWDTSKKDLTEYlsrfgevvdctiktdpvtgrsrgfgfvlfkdaasvdkvlelkehkldgklidpkrakalkgkeppkkvfvgglspdtseeqikeyfgafgeienieLPMDTKTNERRGFCFITYTDEEPVKKLLESRYHQIGSGKCEIKVAQPKEVyrqqqqqqkggrgaaaggrggtrgrgrgqgqnwnqgfnnyydqgygnynsayggdqnysgyggydytgynygnygygqgyadysgqqstygkasrgggnhqnnyq
protein29,"['Hydro-Polar', 'AQ']",MAANVGDQRSTDWSSQYSMVAGAGRENGMETPMHENPEWEKARqalasisksgaaggsaksssngpvasaqyvsqaeasalqqqqyyqwyqqynyaypysyyypmsmyqsygspsqygmagsygsatpqqpsapqhqgtlnqppvpgmdesmsyqappqqlpsaqppqpsnpphgahtlnsgpqpgtapatqhsqagpatgqaygphtytepakpkkgqq
protein54,"['Hydro-Polar', 'AT']",MIPICPVVSFTYVPSRLGEDAKMATGNYFGFTHsgaaaaaaaaqysqqpasgvayshpttvasytvhqapvaahtvtaayapaaatvavarpapvavaaaataaayggyptahtatdygytqrqqeappppppattqnyqdsysyvrstapavaydskqyyqqptataaavaaaaqpqpsvaetyyqtapkagysqgatqytqaqqtrqvtaikpatpspatttfsiypvsstvqpvaaaatvvpsytqsatysttavtysgtsysgyeaavysaassyyqqqqqqqkqaaaaaaaaaataa
protein15,"['Hydro-Polar', 'LS']",stsfisssktvvqscghsletksyrvsedlvsihlplsrtlaglhvrlsrlgavsrlhefvsfedfqvevlveyplrclvlvaqvvaemwrrnglslisqv
protein46,"['Hydro-Polar', 'LS']",lqdldddvravaaaslvpvveslvylqtqkvpfiintlwdallelddltastnsimtllsslltypqvqqcsiqqsltvlvprvwpflhhtissvrraaletlftllstqdqnssswlipilp
protein47,"['Hydro-Polar', 'LS']",tleekimglqkfkmniantvisqensslqsmgtdqlldlftldkdgkaekadtstsgkasmksilenlsdlwdqeqydseysle
protein51,"['Hydro-Polar', 'LS']",lpdfqdseetvtsrmlfptsaqessrglpdandlclglqslsltgwdrpwstqdsdssaqssthsvlsmlhnplgnvlgkpplsflpldplgsdlvdkfpapsvrgsrldtrpildsrssspsdsdtsgfssgsdhlsdlisslrispplpflslsgggprdplkmgvgsrmdqeqaalaavtpsptsaskrwpgasvwpswdlleapkdpfs
protein65,"['Hydro-Polar', 'LS']",MAgsgagvrcsllrlqetlsaadrcgaalaghqlirglgqecvlssspavlalqtslvfsrdfgllvfvrkslnsiefrecreeilkflcifl
protein66,"['Hydro-Polar', 'LS']",ellslvykgiapgderqclpsldlsckqlasgllelafafgglcerlvslllnpavlstaslgssqgsvihfshgeyfyslfsetintellknldlavlel
protein68,"['Hydro-Polar', 'LS']",rfrstvltpmfvetqasqgtlqtrtqegslsarwpvagqiratqqqhdftltqtadgrssfdwltgsstdplvdhtspssdsllfahkrserlqraplksvgpdfgkkrlglpgdevdnkvkgaagrtdllrlrrrfmrdqeklslmyarkgvaeqkrekeikselkmkqdaqvvlyrsYRHGDLPDIQIKHSSLITPLQAVAQRDPIIAKQLFSSLFSGILKEMDKFKTLSEKNNITQKLLQDFNRFLNTTFSFFPPFVSCIQDISCQHaallsldpaavsagclaslqqpvgirlleeallrllpaelpakrvrgkarlppdvlrwvelakl
protein80,"['Hydro-Polar', 'LS']",MSKsfqqsslsrdsqghgrdlsaagigllaaatqslsmpaslgrmnqgtarlaslmnlgmssslnqqgahsalssastsshnlqsifnigsrgplplssqhrgdadqasnilasfglsardldelsrypedkitpenlpqillqlkrrrteegptlsygrdgrsatreppyrvprddweekrhfrrdsfddrgpslnpvldydhgsrsqesgyydrmdyeddrlrdgercrddsffgetshnyhkfdseyermgrgpgplqerslfekkrgAPPSSNIEDFHGLLPKGYPHLCSICDLPVHSNKEWSQHINGASHSRRCQLLLEIYPEWNPDNDTGHTMGDPFMLQQSTnpapgilgppppsfhlggpavgprgnlgagngnlqgp
protein34,"['Hydro-Polar', 'LQ']",lqllmdrvdemsqdivkyntymrntskqqqqkhqyqqrrqqenmqrqsrgepplpeedlsklfkppqpparmdsl
protein69,"['Hydro-Polar', 'LQ']",fyqetylpymirsklklllqgeadqslltfidkamhgelqkailelhysqelsllyllqddvdrakyyiq
protein93,"['Hydro-Unique', 'LP']",MVHSSMGAPEIRMSKpleaekqgldspsehtdterngpdtnhqnpqnktspfsvsptgpstkikaedpsgdsapaaplppqpaqphlpqaqlmltgsqlagdiqqllqlqqlvlvpghhlqppaqfllpqaqqsqpgllptpnlfqlpqqtqgalltsqpraglptqavtrptlpdphlshpqppkcleppshpeepsdleeleqfart
