Sequence Name,Classification
DHX9_HUMAN,"['Hydro-Hydro', 'AL']"
HNRPU_HUMAN,"['Unique-Polar', 'GN'], ['Charge-Unique', 'EG']"
TADBP_HUMAN,"['Unique-Polar', 'GN']"
ROA3_HUMAN,"['Cation-Pi', 'GY']"
HNRPD_HUMAN,"['Cation-Pi', 'GY'], ['Hydro-Unique', 'AG']"
GRAP2_HUMAN,"['Unique-Polar', 'PQ']"
SFPQ_HUMAN,"['Charge-Unique', 'EG'], ['Unique-Unique', 'GP']"
PAIRB_HUMAN,"['Charge-Unique', 'EG']"
PABP2_HUMAN,"['Charge-Unique', 'EG']"
HNRPM_HUMAN,"['Charge-Unique', 'EG'], ['Unique-Hydro', 'GM']"
NUP98_HUMAN,"['Charge-Unique', 'EP'], ['Unique-Polar', 'GT']"
G3BP2_HUMAN,"['Charge-Unique', 'EP']"
G3BP1_HUMAN,"['Charge-Unique', 'EP']"
SNUT2_HUMAN,"['Cation-Pi', 'ER']"
NONO_HUMAN,"['Cation-Pi', 'ER'], ['Charge-Polar', 'HQ']"
LORF1_HUMAN,"['Cation-Pi', 'ER']"
TERA_HUMAN,"['Cation-Pi', 'ER']"
ATX2L_HUMAN,"['Unique-Polar', 'PS'], ['Hydro-Unique', 'AP']"
TTP_HUMAN,"['Unique-Polar', 'PS']"
LCP2_HUMAN,"['Unique-Polar', 'PS']"
LIMD1_HUMAN,"['Unique-Polar', 'PS']"
KHDR1_HUMAN,"['Unique-Polar', 'PS'], ['Unique-Unique', 'GP']"
CPEB2_HUMAN,"['Unique-Polar', 'PS']"
TNR6B_HUMAN,"['Unique-Polar', 'PS'], ['Unique-Polar', 'GS']"
IF4G3_HUMAN,"['Unique-Polar', 'PS'], ['Charge-Polar', 'ES'], ['Charge-Hydro', 'EL'], ['Cation-Pi', 'EK']"
PO2F2_HUMAN,"['Unique-Polar', 'PS'], ['Hydro-Unique', 'LP']"
SMN_HUMAN,"['Unique-Polar', 'PS']"
AP2A2_HUMAN,"['Unique-Polar', 'PS']"
TF3B_HUMAN,"['Charge-Polar', 'ES']"
SAFB1_HUMAN,"['Charge-Polar', 'ES']"
PURB_HUMAN,"['Unique-Hydro', 'GL']"
SPSB2_HUMAN,"['Unique-Hydro', 'GL']"
HNRPC_HUMAN,"['Charge-Polar', 'DS']"
PRKDC_HUMAN,"['Charge-Polar', 'DS'], ['Hydro-Polar', 'LS'], ['Hydro-Polar', 'LS'], ['Hydro-Polar', 'LS'], ['Hydro-Polar', 'LQ']"
EIF3D_HUMAN,"['Cation-Pi', 'QR'], ['Charge-Charge', 'DE']"
NUCL_HUMAN,"['Charge-Charge', 'DE'], ['Cation-Pi', 'GR']"
NUFP2_HUMAN,"['Charge-Polar', 'HQ'], ['Cation-Pi', 'KS']"
ZFR_HUMAN,"['Cation-Pi', 'KS'], ['Hydro-Polar', 'AT']"
SC6A4_HUMAN,"['Hydro-Hydro', 'IL']"
HNRPK_HUMAN,"['Hydro-Hydro', 'IL'], ['Unique-Unique', 'GP']"
EWS_HUMAN,"['Unique-Unique', 'GP']"
ZN207_HUMAN,"['Unique-Unique', 'GP']"
FUBP2_HUMAN,"['Unique-Unique', 'GP'], ['Unique-Unique', 'GP']"
FAK1_HUMAN,"['Unique-Unique', 'GP']"
FOXH1_HUMAN,"['Unique-Unique', 'GP']"
HNRPL_HUMAN,"['Unique-Unique', 'GP'], ['Cation-Pi', 'GR']"
NPM_HUMAN,"['Cation-Pi', 'DK']"
TIA1_HUMAN,"['Unique-Polar', 'GQ']"
TIAR_HUMAN,"['Unique-Polar', 'GQ']"
STAU1_HUMAN,"['Cation-Pi', 'KP']"
CAPR1_HUMAN,"['Charge-Hydro', 'EL']"
K1C12_HUMAN,"['Charge-Hydro', 'EL'], ['Unique-Polar', 'GS']"
ROA0_HUMAN,"['Unique-Polar', 'GS']"
K2C4_HUMAN,"['Unique-Polar', 'GS']"
ELF3_HUMAN,"['Unique-Polar', 'GS']"
ILF3_HUMAN,"['Unique-Polar', 'GS'], ['Charge-Hydro', 'DL']"
NUP58_HUMAN,"['Unique-Polar', 'GS'], ['Unique-Polar', 'GT']"
DDX17_HUMAN,"['Unique-Polar', 'GS'], ['Hydro-Unique', 'AP']"
FUS_HUMAN,"['Unique-Polar', 'GS'], ['Cation-Pi', 'GR']"
RENT1_HUMAN,"['Unique-Polar', 'GS'], ['Hydro-Unique', 'AG']"
DDX3X_HUMAN,"['Unique-Polar', 'GS'], ['Unique-Polar', 'GS']"
RBP56_HUMAN,"['Unique-Polar', 'GS']"
LORI_HUMAN,"['Unique-Polar', 'GS']"
LENG8_HUMAN,"['Cation-Pi', 'RS'], ['Hydro-Polar', 'AQ']"
FXR2_HUMAN,"['Cation-Pi', 'RS']"
FXR1_HUMAN,"['Cation-Pi', 'RS']"
LS14A_HUMAN,"['Cation-Pi', 'GR']"
HNRPR_HUMAN,"['Cation-Pi', 'GR']"
HNRPQ_HUMAN,"['Cation-Pi', 'GR']"
THOC4_HUMAN,"['Cation-Pi', 'GR'], ['Cation-Pi', 'GR']"
FBRL_HUMAN,"['Cation-Pi', 'GR']"
FMR1_HUMAN,"['Cation-Pi', 'GR']"
YBOX1_HUMAN,"['Cation-Pi', 'GR']"
ILF2_HUMAN,"['Cation-Pi', 'GR']"
DDX5_HUMAN,"['Cation-Pi', 'GR']"
EIF3H_HUMAN,"['Unique-Hydro', 'GV'], ['Hydro-Polar', 'LQ']"
HS90B_HUMAN,"['Cation-Pi', 'EK'], ['Cation-Pi', 'EK']"
MATR3_HUMAN,"['Cation-Pi', 'EK'], ['Hydro-Polar', 'LS']"
DKC1_HUMAN,"['Cation-Pi', 'EK']"
RBM14_HUMAN,"['Hydro-Polar', 'AS']"
IF2B1_HUMAN,"['Hydro-Unique', 'AP']"
WASL_HUMAN,"['Hydro-Unique', 'AP']"
ROAA_HUMAN,"['Hydro-Unique', 'AG']"
HNRDL_HUMAN,"['Hydro-Unique', 'AG']"
UBR1_HUMAN,"['Hydro-Polar', 'LS']"
BTAF1_HUMAN,"['Hydro-Polar', 'LS'], ['Hydro-Polar', 'LS']"
CPEB1_HUMAN,"['Hydro-Polar', 'LS']"
